{
  "title": "PXL_20231119_161842624.jpg",
  "description": "",
  "imageViews": "1",
  "creationTime": {
    "timestamp": "1712492723",
    "formatted": "Apr 7, 2024, 12:25:23 PM UTC"
  },
  "photoTakenTime": {
    "timestamp": "1700410722",
    "formatted": "Nov 19, 2023, 4:18:42 PM UTC"
  },
  "geoData": {
    "latitude": 38.7106972,
    "longitude": -77.0632194,
    "altitude": -29.2,
    "latitudeSpan": 0.0,
    "longitudeSpan": 0.0
  },
  "geoDataExif": {
    "latitude": 38.7106972,
    "longitude": -77.0632194,
    "altitude": -29.2,
    "latitudeSpan": 0.0,
    "longitudeSpan": 0.0
  },
  "url": "https://photos.google.com/photo/AF1QipNPchnPiQNHYN01Lxf0LLmfoZ7kcfvl1_TnvRsI",
  "googlePhotosOrigin": {
    "webUpload": {
      "computerUpload": {
      }
    }
  }
}