{
  "title": "PXL_20240303_183143467.jpg",
  "description": "",
  "imageViews": "1",
  "creationTime": {
    "timestamp": "1712492723",
    "formatted": "Apr 7, 2024, 12:25:23 PM UTC"
  },
  "photoTakenTime": {
    "timestamp": "1709490703",
    "formatted": "Mar 3, 2024, 6:31:43 PM UTC"
  },
  "geoData": {
    "latitude": 38.743347199999995,
    "longitude": -77.04823329999999,
    "altitude": -9.0,
    "latitudeSpan": 0.0,
    "longitudeSpan": 0.0
  },
  "geoDataExif": {
    "latitude": 38.743347199999995,
    "longitude": -77.04823329999999,
    "altitude": -9.0,
    "latitudeSpan": 0.0,
    "longitudeSpan": 0.0
  },
  "url": "https://photos.google.com/photo/AF1QipPG5DF69LYvDAK7iClSsg6DaoO4w___PHiT-Gi9",
  "googlePhotosOrigin": {
    "webUpload": {
      "computerUpload": {
      }
    }
  }
}