{
  "title": "PXL_20240303_183614107.jpg",
  "description": "",
  "imageViews": "1",
  "creationTime": {
    "timestamp": "1712492723",
    "formatted": "Apr 7, 2024, 12:25:23 PM UTC"
  },
  "photoTakenTime": {
    "timestamp": "1709490974",
    "formatted": "Mar 3, 2024, 6:36:14 PM UTC"
  },
  "geoData": {
    "latitude": 38.7435583,
    "longitude": -77.0488611,
    "altitude": -8.4,
    "latitudeSpan": 0.0,
    "longitudeSpan": 0.0
  },
  "geoDataExif": {
    "latitude": 38.7435583,
    "longitude": -77.0488611,
    "altitude": -8.4,
    "latitudeSpan": 0.0,
    "longitudeSpan": 0.0
  },
  "url": "https://photos.google.com/photo/AF1QipNoAQC6fkK9WoY6UeR_pj5VqcszvGyeP5Mn19AV",
  "googlePhotosOrigin": {
    "webUpload": {
      "computerUpload": {
      }
    }
  }
}